orderNumber,customerNumber,orderDate,requiredDate,shippedDate,orderStatus,daysEarly,delayed,productsOrdered,avgPrice,totalAmount,creditLimit,balance,overCreditLimit
10100,363,2003-01-06,2003-01-13,2003-01-10,Shipped,3,0,151,75.46,6283.47,114200.00,107916.53,0
10101,128,2003-01-09,2003-01-18,2003-01-11,Shipped,7,0,142,88.00,5312.27,59700.00,54387.73,0
10102,181,2003-01-10,2003-01-18,2003-01-14,Shipped,4,0,80,69.34,3358.84,76400.00,73041.16,0
10103,121,2003-01-29,2003-02-07,2003-02-02,Shipped,5,0,541,95.02,31391.84,81700.00,50308.16,0
10104,141,2003-01-31,2003-02-09,2003-02-01,Shipped,8,0,443,96.30,24525.40,227600.00,203074.60,0
10105,145,2003-02-11,2003-02-21,2003-02-12,Shipped,9,0,545,98.65,32584.88,83400.00,50815.12,0
10106,278,2003-02-17,2003-02-24,2003-02-21,Shipped,3,0,675,79.29,30853.59,119600.00,88746.41,0
10107,131,2003-02-24,2003-03-03,2003-02-26,Shipped,77,0,229,99.15,12984.85,114900.00,101915.15,0
10108,385,2003-03-03,2003-03-12,2003-03-08,Shipped,4,0,561,89.55,31129.78,81500.00,50370.22,0
10109,486,2003-03-10,2003-03-19,2003-03-11,Shipped,8,0,212,116.82,14190.72,72600.00,58409.28,0
10110,187,2003-03-18,2003-03-24,2003-03-20,Shipped,4,0,570,83.65,27936.18,136800.00,108863.82,0
10111,129,2003-03-25,2003-03-31,2003-03-30,Shipped,1,0,217,76.69,10476.58,64600.00,54123.42,0
10112,144,2003-03-24,2003-04-03,2003-03-29,Shipped,74,0,52,141.13,4256.76,53100.00,48843.24,0
10113,124,2003-03-26,2003-04-02,2003-03-27,Shipped,75,0,143,81.31,6424.10,210500.00,204075.90,0
10114,172,2003-04-01,2003-04-07,2003-04-02,Shipped,5,0,351,90.97,20538.76,84300.00,63761.24,0
10115,424,2003-04-04,2003-04-12,2003-04-07,Shipped,5,0,210,103.20,13667.20,67500.00,53832.80,0
10116,381,2003-04-11,2003-04-19,2003-04-13,Shipped,6,0,27,60.28,721.44,23500.00,22778.56,0
10117,148,2003-04-16,2003-04-24,2003-04-17,Shipped,7,0,402,108.96,26541.40,103800.00,77258.60,0
10118,216,2003-04-21,2003-04-29,2003-04-26,Shipped,3,0,36,86.15,1839.24,60300.00,58460.76,0
10119,382,2003-04-28,2003-05-05,2003-05-02,Shipped,3,0,442,77.25,21343.89,71700.00,50356.11,0
10120,114,2003-04-29,2003-05-08,2003-05-01,Shipped,7,0,525,88.18,27349.85,117300.00,89950.15,0
10121,353,2003-05-07,2003-05-13,2003-05-13,Shipped,0,0,185,87.83,9386.97,81100.00,71713.03,0
10122,350,2003-05-08,2003-05-16,2003-05-13,Shipped,3,0,545,94.02,32538.89,65000.00,32461.11,0
10123,103,2003-05-20,2003-05-29,2003-05-22,Shipped,7,0,156,99.02,7898.36,21000.00,13101.64,0
10124,112,2003-05-21,2003-05-29,2003-05-25,Shipped,4,0,448,75.12,20050.72,71800.00,51749.28,0
10125,114,2003-05-21,2003-05-27,2003-05-24,Shipped,3,0,66,113.88,4406.88,117300.00,112893.12,0
10126,458,2003-05-28,2003-06-07,2003-06-02,Shipped,5,0,617,95.51,33566.74,104600.00,71033.26,0
10127,151,2003-06-03,2003-06-09,2003-06-06,Shipped,3,0,540,106.76,34744.28,138500.00,103755.72,0
10128,141,2003-06-06,2003-06-12,2003-06-11,Shipped,1,0,157,87.72,9220.24,227600.00,218379.76,0
10129,324,2003-06-12,2003-06-18,2003-06-14,Shipped,4,0,349,83.80,18290.98,77000.00,58709.02,0
10130,198,2003-06-16,2003-06-24,2003-06-21,Shipped,3,0,73,84.17,4195.54,23000.00,18804.46,0
10131,447,2003-06-16,2003-06-25,2003-06-21,Shipped,4,0,244,72.21,10310.57,49700.00,39389.43,0
10132,323,2003-06-25,2003-07-01,2003-06-28,Shipped,73,0,36,80.00,1958.40,88000.00,86041.60,0
10133,141,2003-06-27,2003-07-04,2003-07-03,Shipped,1,0,286,78.56,13521.19,227600.00,214078.81,0
10134,250,2003-07-01,2003-07-10,2003-07-05,Shipped,5,0,227,106.85,12472.72,68100.00,55627.28,0
10135,124,2003-07-02,2003-07-12,2003-07-03,Shipped,9,0,607,87.93,33692.87,210500.00,176807.13,0
10136,242,2003-07-04,2003-07-14,2003-07-06,Shipped,8,0,102,135.91,8661.69,61100.00,52438.31,0
10137,353,2003-07-10,2003-07-20,2003-07-14,Shipped,6,0,138,96.39,7688.00,81100.00,73412.00,0
10138,496,2003-07-07,2003-07-16,2003-07-13,Shipped,3,0,420,74.62,19946.11,110000.00,90053.89,0
10139,282,2003-07-16,2003-07-23,2003-07-21,Shipped,2,0,266,89.27,14133.14,93300.00,79166.86,0
10140,161,2003-07-24,2003-08-02,2003-07-30,Shipped,72,0,385,99.45,23272.24,84600.00,61327.76,0
10141,334,2003-08-01,2003-08-09,2003-08-04,Shipped,5,0,290,95.28,18696.60,98800.00,80103.40,0
10142,124,2003-08-08,2003-08-16,2003-08-13,Shipped,3,0,577,98.17,33460.79,210500.00,177039.21,0
10143,320,2003-08-10,2003-08-18,2003-08-12,Shipped,6,0,524,76.72,25581.39,94500.00,68918.61,0
10144,381,2003-08-13,2003-08-21,2003-08-14,Shipped,7,0,20,56.41,660.40,23500.00,22839.60,0
10145,205,2003-08-25,2003-09-02,2003-08-31,Shipped,71,0,563,88.26,29662.05,90700.00,61037.95,0
10146,447,2003-09-03,2003-09-13,2003-09-06,Shipped,7,0,76,95.62,3576.62,49700.00,46123.38,0
10147,379,2003-09-05,2003-09-12,2003-09-09,Shipped,3,0,341,90.68,20227.55,70700.00,50472.45,0
10148,276,2003-09-11,2003-09-21,2003-09-15,Shipped,6,0,430,98.21,24910.20,107800.00,82889.80,0
10149,487,2003-09-12,2003-09-18,2003-09-17,Shipped,1,0,367,84.14,17058.31,60300.00,43241.69,0
10150,148,2003-09-19,2003-09-27,2003-09-21,Shipped,6,0,380,99.72,23716.05,103800.00,80083.95,0
10151,311,2003-09-21,2003-09-30,2003-09-24,Shipped,6,0,342,97.61,19328.06,90500.00,71171.94,0
10152,333,2003-09-25,2003-10-03,2003-10-01,Shipped,2,0,116,84.11,6513.15,51600.00,45086.85,0
10153,141,2003-09-28,2003-10-05,2003-10-03,Shipped,2,0,458,100.36,27512.38,227600.00,200087.62,0
10154,219,2003-10-02,2003-10-12,2003-10-08,Shipped,4,0,67,67.25,2677.13,11000.00,8322.87,0
10155,186,2003-10-06,2003-10-13,2003-10-07,Shipped,6,0,454,83.45,22294.09,96500.00,74205.91,0
10156,141,2003-10-08,2003-10-17,2003-10-11,Shipped,6,0,68,60.64,2996.40,227600.00,224603.60,0
10157,473,2003-10-09,2003-10-15,2003-10-14,Shipped,1,0,216,79.19,11529.87,34800.00,23270.13,0
10158,121,2003-10-10,2003-10-18,2003-10-15,Shipped,3,0,22,67.79,821.04,81700.00,80878.96,0
10159,321,2003-10-10,2003-10-19,2003-10-16,Shipped,3,0,585,93.72,30772.00,105000.00,74228.00,0
10160,347,2003-10-11,2003-10-17,2003-10-17,Shipped,0,0,231,93.69,14122.64,57700.00,43577.36,0
10161,227,2003-10-17,2003-10-25,2003-10-20,Shipped,5,0,358,96.88,22211.79,120800.00,98588.21,0
10162,321,2003-10-18,2003-10-26,2003-10-19,Shipped,7,0,391,78.29,17333.19,105000.00,87666.81,0
10163,424,2003-10-20,2003-10-27,2003-10-24,Shipped,3,0,225,108.63,12920.30,67500.00,54579.70,0
10164,452,2003-10-21,2003-10-30,2003-10-23,Resolved,7,0,288,94.86,17237.38,45300.00,28062.62,0
10165,148,2003-10-22,2003-10-31,2003-12-26,Shipped,-195,1,670,99.72,40927.28,103800.00,62872.72,0
10166,462,2003-10-21,2003-10-30,2003-10-27,Shipped,3,0,98,95.22,5561.76,85800.00,80238.24,0
10168,161,2003-10-28,2003-11-03,2003-11-01,Shipped,2,0,642,81.81,31433.50,84600.00,53166.50,0
10169,276,2003-11-04,2003-11-14,2003-11-09,Shipped,5,0,444,86.98,22157.46,107800.00,85642.54,0
10170,452,2003-11-04,2003-11-12,2003-11-07,Shipped,5,0,142,102.56,10360.65,45300.00,34939.35,0
10171,233,2003-11-05,2003-11-13,2003-11-07,Shipped,6,0,145,115.80,9831.74,48700.00,38868.26,0
10172,175,2003-11-05,2003-11-14,2003-11-11,Shipped,3,0,263,89.60,14153.60,84300.00,70146.40,0
10173,278,2003-11-05,2003-11-15,2003-11-09,Shipped,6,0,480,81.94,21839.36,119600.00,97760.64,0
10174,333,2003-11-06,2003-11-15,2003-11-10,Shipped,5,0,220,114.88,13431.00,51600.00,38169.00,0
10175,324,2003-11-06,2003-11-14,2003-11-09,Shipped,5,0,432,89.58,23439.48,77000.00,53560.52,0
10176,386,2003-11-06,2003-11-15,2003-11-12,Shipped,3,0,325,113.36,23316.61,121400.00,98083.39,0
10177,344,2003-11-07,2003-11-17,2003-11-12,Shipped,5,0,377,82.66,19713.61,59600.00,39886.39,0
10178,242,2003-11-08,2003-11-16,2003-11-10,Shipped,6,0,413,82.50,20268.37,61100.00,40831.63,0
10180,171,2003-11-11,2003-11-19,2003-11-14,Shipped,5,0,458,87.62,24363.48,82900.00,58536.52,0
10181,167,2003-11-12,2003-11-19,2003-11-15,Shipped,4,0,522,103.55,32521.97,96800.00,64278.03,0
10182,124,2003-11-12,2003-11-21,2003-11-18,Shipped,3,0,571,80.03,27228.09,210500.00,183271.91,0
10183,339,2003-11-13,2003-11-22,2003-11-15,Shipped,7,0,391,95.33,22629.98,81100.00,58470.02,0
10184,484,2003-11-14,2003-11-22,2003-11-20,Shipped,2,0,519,92.72,27708.40,65700.00,37991.60,0
10185,320,2003-11-14,2003-11-21,2003-11-20,Shipped,1,0,520,100.32,31911.35,94500.00,62588.65,0
10186,489,2003-11-14,2003-11-20,2003-11-18,Shipped,2,0,267,81.08,14252.84,43300.00,29047.16,0
10187,211,2003-11-15,2003-11-24,2003-11-16,Shipped,8,0,395,71.08,18077.11,58600.00,40522.89,0
10188,167,2003-11-18,2003-11-26,2003-11-24,Shipped,2,0,301,97.14,17515.11,96800.00,79284.89,0
10189,205,2003-11-18,2003-11-25,2003-11-24,Shipped,1,0,28,138.57,1855.56,90700.00,88844.44,0
10190,141,2003-11-19,2003-11-29,2003-11-20,Shipped,9,0,170,63.71,6812.90,227600.00,220787.10,0
10191,259,2003-11-20,2003-11-30,2003-11-24,Shipped,6,0,317,94.86,16351.18,120400.00,104048.82,0
10192,363,2003-11-20,2003-11-29,2003-11-25,Shipped,4,0,585,96.32,35579.36,114200.00,78620.64,0
10193,471,2003-11-21,2003-11-28,2003-11-27,Shipped,1,0,447,80.90,20486.81,60300.00,39813.19,0
10194,146,2003-11-25,2003-12-02,2003-11-26,Shipped,76,0,396,100.98,23318.51,123900.00,100581.49,0
10195,319,2003-11-25,2003-12-01,2003-11-28,Shipped,73,0,385,91.15,21350.42,102700.00,81349.58,0
10196,455,2003-11-26,2003-12-03,2003-12-01,Shipped,2,0,316,122.32,21870.67,95400.00,73529.33,0
10197,216,2003-11-26,2003-12-02,2003-12-01,Shipped,1,0,503,79.22,25976.04,60300.00,34323.96,0
10198,385,2003-11-27,2003-12-06,2003-12-03,Shipped,3,0,242,84.48,11201.46,81500.00,70298.54,0
10199,475,2003-12-01,2003-12-10,2003-12-06,Shipped,4,0,115,63.22,5307.14,55400.00,50092.86,0
10200,211,2003-12-01,2003-12-09,2003-12-06,Shipped,3,0,201,84.26,10535.00,58600.00,48065.00,0
10201,129,2003-12-01,2003-12-11,2003-12-02,Shipped,9,0,214,103.62,12879.75,64600.00,51720.25,0
10202,357,2003-12-02,2003-12-09,2003-12-06,Shipped,3,0,271,72.34,11725.60,77700.00,65974.40,0
10203,141,2003-12-02,2003-12-11,2003-12-07,Shipped,4,0,391,100.72,23982.68,227600.00,203617.32,0
10204,151,2003-12-02,2003-12-10,2003-12-04,Shipped,6,0,619,95.28,34790.25,138500.00,103709.75,0
10205,141,2003-12-03,2003-12-09,2003-12-07,Shipped,2,0,180,69.49,7466.08,227600.00,220133.92,0
10206,202,2003-12-05,2003-12-13,2003-12-08,Shipped,5,0,355,96.87,20569.23,90300.00,69730.77,0
10207,495,2003-12-09,2003-12-17,2003-12-11,Shipped,6,0,615,97.51,36803.68,85100.00,48296.32,0
10208,146,2004-01-02,2004-01-11,2004-01-04,Shipped,7,0,530,95.89,30217.70,123900.00,93682.30,0
10209,347,2004-01-09,2004-01-15,2004-01-12,Shipped,3,0,269,80.82,12455.18,57700.00,45244.82,0
10210,177,2004-01-12,2004-01-22,2004-01-20,Shipped,2,0,577,84.89,28803.28,81200.00,52396.72,0
10211,406,2004-01-15,2004-01-25,2004-01-18,Shipped,7,0,530,93.30,26853.98,95000.00,68146.02,0
10212,141,2004-01-16,2004-01-24,2004-01-18,Shipped,6,0,612,96.36,37956.57,227600.00,189643.43,0
10213,489,2004-01-22,2004-01-28,2004-01-27,Shipped,1,0,90,80.20,4465.27,43300.00,38834.73,0
10214,458,2004-01-26,2004-02-04,2004-01-29,Shipped,75,0,241,89.06,10925.55,104600.00,93674.45,0
10215,475,2004-01-29,2004-02-08,2004-02-01,Shipped,7,0,396,91.65,21254.65,55400.00,34145.35,0
10216,256,2004-02-02,2004-02-10,2004-02-04,Shipped,6,0,43,133.94,3349.70,77900.00,74550.30,0
10217,166,2004-02-04,2004-02-14,2004-02-06,Shipped,8,0,240,91.24,14660.51,97900.00,83239.49,0
10218,473,2004-02-09,2004-02-16,2004-02-11,Shipped,5,0,56,131.44,4295.52,34800.00,30504.48,0
10219,487,2004-02-10,2004-02-17,2004-02-12,Shipped,5,0,147,76.54,8281.94,60300.00,52018.06,0
10220,189,2004-02-12,2004-02-19,2004-02-16,Shipped,3,0,289,109.12,20180.74,69400.00,49219.26,0
10221,314,2004-02-18,2004-02-26,2004-02-19,Shipped,7,0,167,98.04,10892.08,79900.00,69007.92,0
10222,239,2004-02-19,2004-02-27,2004-02-20,Shipped,7,0,717,77.20,34733.30,105000.00,70266.70,0
10223,114,2004-02-20,2004-02-29,2004-02-24,Shipped,5,0,497,86.95,26546.95,117300.00,90753.05,0
10224,171,2004-02-21,2004-03-02,2004-02-26,Shipped,76,0,241,78.72,10274.83,82900.00,72625.17,0
10225,298,2004-02-22,2004-03-01,2004-02-24,Shipped,77,0,483,99.46,28696.68,141300.00,112603.32,0
10226,239,2004-02-26,2004-03-06,2004-03-02,Shipped,4,0,237,99.22,14047.24,105000.00,90952.76,0
10227,146,2004-03-02,2004-03-12,2004-03-08,Shipped,4,0,502,81.37,23557.95,123900.00,100342.05,0
10228,173,2004-03-10,2004-03-18,2004-03-13,Shipped,5,0,194,109.78,11508.97,43400.00,31891.03,0
10229,124,2004-03-11,2004-03-20,2004-03-12,Shipped,8,0,476,89.02,26609.18,210500.00,183890.82,0
10230,128,2004-03-15,2004-03-24,2004-03-20,Shipped,4,0,338,98.55,22136.12,59700.00,37563.88,0
10231,344,2004-03-19,2004-03-26,2004-03-25,Shipped,1,0,91,170.16,8084.23,59600.00,51515.77,0
10232,240,2004-03-20,2004-03-30,2004-03-25,Shipped,5,0,272,90.49,15998.67,93900.00,77901.33,0
10233,328,2004-03-29,2004-04-04,2004-04-02,Shipped,2,0,105,68.25,4085.53,43000.00,38914.47,0
10234,412,2004-03-30,2004-04-05,2004-04-02,Shipped,3,0,354,86.12,19110.25,86800.00,67689.75,0
10235,260,2004-04-02,2004-04-12,2004-04-06,Shipped,6,0,390,77.19,18454.68,89600.00,71145.32,0
10236,486,2004-04-03,2004-04-11,2004-04-08,Shipped,3,0,81,74.69,3418.59,72600.00,69181.41,0
10237,181,2004-04-05,2004-04-12,2004-04-10,Shipped,2,0,239,90.05,12918.10,76400.00,63481.90,0
10238,145,2004-04-09,2004-04-16,2004-04-10,Shipped,6,0,280,99.27,16701.06,83400.00,66698.94,0
10239,311,2004-04-12,2004-04-21,2004-04-17,Shipped,4,0,163,94.32,10549.53,90500.00,79950.47,0
10240,177,2004-04-13,2004-04-20,2004-04-20,Shipped,0,0,115,132.25,9197.76,81200.00,72002.24,0
10241,209,2004-04-13,2004-04-20,2004-04-19,Shipped,1,0,382,91.43,20325.42,53800.00,33474.58,0
10242,456,2004-04-20,2004-04-28,2004-04-25,Shipped,3,0,46,36.52,1000.50,39800.00,38799.50,0
10243,495,2004-04-26,2004-05-03,2004-04-28,Shipped,75,0,80,71.37,3493.37,85100.00,81606.63,0
10244,141,2004-04-29,2004-05-09,2004-05-04,Shipped,5,0,301,82.74,15612.97,227600.00,211987.03,0
10245,455,2004-05-04,2004-05-12,2004-05-09,Shipped,3,0,320,106.25,19242.08,95400.00,76157.92,0
10246,141,2004-05-05,2004-05-13,2004-05-06,Shipped,7,0,399,91.53,21425.81,227600.00,206174.19,0
10247,334,2004-05-05,2004-05-11,2004-05-08,Shipped,3,0,233,126.21,15994.78,98800.00,82805.22,0
10249,173,2004-05-08,2004-05-17,2004-05-11,Shipped,6,0,163,68.93,6955.02,43400.00,36444.98,0
10250,450,2004-05-11,2004-05-19,2004-05-15,Shipped,4,0,521,81.90,25653.15,77600.00,51946.85,0
10251,328,2004-05-18,2004-05-24,2004-05-24,Shipped,0,0,286,110.08,16986.75,43000.00,26013.25,0
10252,406,2004-05-26,2004-06-04,2004-05-29,Shipped,75,0,312,81.52,14188.41,95000.00,80811.59,0
10254,323,2004-06-03,2004-06-13,2004-06-04,Shipped,9,0,469,75.66,23275.12,88000.00,64724.88,0
10255,209,2004-06-04,2004-06-12,2004-06-09,Shipped,3,0,61,86.32,2504.01,53800.00,51295.99,0
10256,145,2004-06-08,2004-06-16,2004-06-10,Shipped,6,0,63,73.16,2764.62,83400.00,80635.38,0
10257,450,2004-06-14,2004-06-24,2004-06-15,Shipped,9,0,208,81.68,11108.73,77600.00,66491.27,0
10258,398,2004-06-15,2004-06-25,2004-06-23,Shipped,2,0,200,104.08,11991.98,94400.00,82408.02,0
10259,166,2004-06-15,2004-06-22,2004-06-17,Shipped,5,0,454,96.85,26896.73,97900.00,71003.27,0
10261,233,2004-06-17,2004-06-25,2004-06-22,Shipped,3,0,287,80.76,14937.95,48700.00,33762.05,0
10263,175,2004-06-28,2004-07-04,2004-07-02,Shipped,2,0,411,98.02,23442.25,84300.00,60857.75,0
10264,362,2004-06-30,2004-07-06,2004-07-01,Shipped,5,0,253,75.26,10239.62,41900.00,31660.38,0
10265,471,2004-07-02,2004-07-09,2004-07-07,Shipped,2,0,94,99.13,5808.26,60300.00,54491.74,0
10266,386,2004-07-06,2004-07-14,2004-07-10,Shipped,4,0,495,103.75,30809.70,121400.00,90590.30,0
10267,151,2004-07-07,2004-07-17,2004-07-09,Shipped,8,0,244,82.66,13021.09,138500.00,125478.91,0
10268,412,2004-07-12,2004-07-18,2004-07-14,Shipped,4,0,402,84.06,19024.71,86800.00,67775.29,0
10269,382,2004-07-16,2004-07-22,2004-07-18,Shipped,4,0,80,76.45,3857.28,71700.00,67842.72,0
10270,282,2004-07-19,2004-07-27,2004-07-24,Shipped,3,0,374,98.84,23072.30,93300.00,70227.70,0
10271,124,2004-07-20,2004-07-29,2004-07-23,Shipped,6,0,393,95.82,22191.37,210500.00,188308.63,0
10272,157,2004-07-20,2004-07-26,2004-07-22,Shipped,4,0,214,116.09,14103.85,100600.00,86496.15,0
10273,314,2004-07-21,2004-07-28,2004-07-22,Shipped,6,0,518,87.27,28332.13,79900.00,51567.87,0
10274,379,2004-07-21,2004-07-29,2004-07-22,Shipped,7,0,161,75.21,7173.83,70700.00,63526.17,0
10275,119,2004-07-23,2004-08-02,2004-07-29,Shipped,73,0,601,80.86,29973.18,118200.00,88226.82,0
10276,204,2004-08-02,2004-08-11,2004-08-08,Shipped,3,0,527,91.82,28867.01,68700.00,39832.99,0
10277,148,2004-08-04,2004-08-12,2004-08-05,Shipped,7,0,28,93.28,1644.44,103800.00,102155.56,0
10278,112,2004-08-06,2004-08-16,2004-08-09,Shipped,7,0,318,103.49,20036.97,71800.00,51763.03,0
10279,141,2004-08-09,2004-08-19,2004-08-15,Shipped,4,0,236,82.34,12923.86,227600.00,214676.14,0
10280,249,2004-08-17,2004-08-27,2004-08-19,Shipped,8,0,551,89.30,28092.55,113000.00,84907.45,0
10281,157,2004-08-19,2004-08-28,2004-08-23,Shipped,5,0,449,87.49,24869.62,100600.00,75730.38,0
10282,124,2004-08-20,2004-08-26,2004-08-22,Shipped,4,0,447,109.73,29338.60,210500.00,181161.40,0
10283,260,2004-08-20,2004-08-30,2004-08-23,Shipped,7,0,483,79.10,24238.39,89600.00,65361.61,0
10284,299,2004-08-21,2004-08-29,2004-08-26,Shipped,3,0,418,75.81,19282.82,95100.00,75817.18,0
10285,286,2004-08-27,2004-09-04,2004-08-31,Shipped,73,0,474,90.02,25334.66,123700.00,98365.34,0
10286,172,2004-08-28,2004-09-06,2004-09-01,Shipped,5,0,38,51.60,1252.10,84300.00,83047.90,0
10287,298,2004-08-30,2004-09-06,2004-09-01,Shipped,5,0,595,105.97,36687.49,141300.00,104612.51,0
10288,166,2004-09-01,2004-09-11,2004-09-05,Shipped,6,0,475,81.75,23156.69,97900.00,74743.31,0
10289,167,2004-09-03,2004-09-13,2004-09-04,Shipped,9,0,150,80.05,6933.33,96800.00,89866.67,0
10290,198,2004-09-07,2004-09-15,2004-09-13,Shipped,2,0,71,82.06,4081.74,23000.00,18918.26,0
10291,448,2004-09-08,2004-09-17,2004-09-14,Shipped,3,0,493,96.25,29972.44,116400.00,86427.56,0
10292,131,2004-09-08,2004-09-18,2004-09-11,Shipped,7,0,416,89.53,22597.31,114900.00,92302.69,0
10293,249,2004-09-09,2004-09-18,2004-09-14,Shipped,4,0,292,111.62,20030.05,113000.00,92969.95,0
10294,204,2004-09-10,2004-09-17,2004-09-14,Shipped,3,0,45,98.32,2413.35,68700.00,66286.65,0
10295,362,2004-09-10,2004-09-17,2004-09-14,Shipped,3,0,174,89.36,8329.92,41900.00,33570.08,0
10296,415,2004-09-15,2004-09-22,2004-09-16,Shipped,6,0,401,77.08,18276.74,77000.00,58723.26,0
10297,189,2004-09-16,2004-09-22,2004-09-21,Shipped,1,0,201,84.96,10129.24,69400.00,59270.76,0
10298,103,2004-09-27,2004-10-05,2004-10-01,Shipped,4,0,71,83.22,3465.97,21000.00,17534.03,0
10299,186,2004-09-30,2004-10-10,2004-10-01,Shipped,9,0,382,88.76,19729.37,96500.00,76770.63,0
10300,128,2003-10-04,2003-10-13,2003-10-09,Shipped,4,0,251,99.81,14878.49,59700.00,44821.51,0
10301,299,2003-10-05,2003-10-15,2003-10-08,Shipped,7,0,369,98.62,24110.46,95100.00,70989.54,0
10302,201,2003-10-06,2003-10-16,2003-10-07,Shipped,9,0,246,95.74,14175.44,92700.00,78524.56,0
10303,484,2004-10-06,2004-10-14,2004-10-09,Shipped,5,0,70,46.31,2053.80,65700.00,63646.20,0
10304,256,2004-10-11,2004-10-20,2004-10-17,Shipped,3,0,594,87.06,30915.91,77900.00,46984.09,0
10305,286,2004-10-13,2004-10-22,2004-10-15,Shipped,7,0,502,98.48,28873.02,123700.00,94826.98,0
10306,187,2004-10-14,2004-10-21,2004-10-17,Shipped,4,0,587,94.84,32272.19,136800.00,104527.81,0
10307,339,2004-10-14,2004-10-23,2004-10-20,Shipped,3,0,277,82.36,14571.57,81100.00,66528.43,0
10308,319,2004-10-15,2004-10-24,2004-10-20,Shipped,4,0,544,83.41,25266.73,102700.00,77433.27,0
10309,121,2004-10-15,2004-10-24,2004-10-18,Shipped,6,0,190,93.96,9895.95,81700.00,71804.05,0
10310,259,2004-10-16,2004-10-24,2004-10-18,Shipped,6,0,619,97.43,36127.95,120400.00,84272.05,0
10311,141,2004-10-16,2004-10-23,2004-10-20,Shipped,3,0,383,93.98,20138.96,227600.00,207461.04,0
10312,124,2004-10-21,2004-10-27,2004-10-23,Shipped,4,0,601,87.89,31716.30,210500.00,178783.70,0
10313,202,2004-10-22,2004-10-28,2004-10-25,Shipped,3,0,348,98.92,20669.97,90300.00,69630.03,0
10314,227,2004-10-22,2004-11-01,2004-10-23,Shipped,78,0,524,103.29,33042.39,120800.00,87757.61,0
10315,119,2004-10-29,2004-11-08,2004-10-30,Shipped,78,0,244,81.18,12197.60,118200.00,106002.40,0
10316,240,2004-11-01,2004-11-09,2004-11-07,Shipped,2,0,623,76.42,28976.29,93900.00,64923.71,0
10317,161,2004-11-02,2004-11-12,2004-11-08,Shipped,4,0,35,69.55,1268.05,84600.00,83331.95,0
10318,157,2004-11-02,2004-11-09,2004-11-07,Shipped,2,0,372,94.04,21257.55,100600.00,79342.45,0
10319,456,2004-11-03,2004-11-11,2004-11-06,Shipped,5,0,335,82.49,15163.91,39800.00,24636.09,0
10320,144,2004-11-03,2004-11-13,2004-11-07,Shipped,6,0,155,110.22,9639.43,53100.00,43460.57,0
10321,462,2004-11-04,2004-11-12,2004-11-07,Shipped,5,0,490,102.37,28647.14,85800.00,57152.86,0
10322,363,2004-11-04,2004-11-12,2004-11-10,Shipped,2,0,512,96.09,29496.07,114200.00,84703.93,0
10323,128,2004-11-05,2004-11-12,2004-11-09,Shipped,3,0,80,92.58,5882.54,59700.00,53817.46,0
10324,181,2004-11-05,2004-11-11,2004-11-08,Shipped,3,0,468,94.24,27941.20,76400.00,48458.80,0
10325,121,2004-11-05,2004-11-13,2004-11-08,Shipped,5,0,329,106.20,20724.44,81700.00,60975.56,0
10326,144,2004-11-09,2004-11-16,2004-11-10,Shipped,6,0,223,86.28,12392.97,53100.00,40707.03,0
10327,145,2004-11-10,2004-11-19,2004-11-13,Resolved,6,0,253,83.13,12419.65,83400.00,70980.35,0
10328,278,2004-11-12,2004-11-21,2004-11-18,Shipped,3,0,495,75.34,22527.11,119600.00,97072.89,0
10329,131,2004-11-15,2004-11-24,2004-11-16,Shipped,8,0,532,96.34,30104.61,114900.00,84795.39,0
10330,385,2004-11-16,2004-11-25,2004-11-21,Shipped,4,0,158,96.45,9149.38,81500.00,72350.62,0
10331,486,2004-11-17,2004-11-23,2004-11-23,Shipped,0,0,437,103.67,26518.71,72600.00,46081.29,0
10332,187,2004-11-17,2004-11-25,2004-11-18,Shipped,7,0,621,74.84,28105.86,136800.00,108694.14,0
10333,129,2004-11-18,2004-11-27,2004-11-20,Shipped,7,0,261,101.41,15261.80,64600.00,49338.20,0
10335,124,2004-11-19,2004-11-29,2004-11-23,Shipped,6,0,117,53.24,3937.15,210500.00,206562.85,0
10336,172,2004-11-20,2004-11-26,2004-11-24,Shipped,2,0,447,113.14,30112.49,84300.00,54187.51,0
10337,424,2004-11-21,2004-11-30,2004-11-26,Shipped,4,0,285,90.34,16625.28,67500.00,50874.72,0
10338,381,2004-11-22,2004-12-02,2004-11-27,Shipped,75,0,114,103.74,7519.25,23500.00,15980.75,0
10339,398,2004-11-23,2004-11-30,2004-11-30,Shipped,0,0,614,79.69,27329.16,94400.00,67070.84,0
10340,216,2004-11-24,2004-12-01,2004-11-25,Shipped,76,0,343,72.61,16591.65,60300.00,43708.35,0
10341,382,2004-11-24,2004-12-01,2004-11-29,Shipped,72,0,411,100.32,24017.96,71700.00,47682.04,0
10342,114,2004-11-24,2004-12-01,2004-11-29,Shipped,72,0,420,96.70,26103.52,117300.00,91196.48,0
10343,353,2004-11-24,2004-12-01,2004-11-26,Shipped,75,0,191,85.74,8986.42,81100.00,72113.58,0
10344,350,2004-11-25,2004-12-02,2004-11-29,Shipped,73,0,211,81.98,10665.18,65000.00,54334.82,0
10345,103,2004-11-25,2004-12-01,2004-11-26,Shipped,75,0,43,38.98,886.23,21000.00,20113.77,0
10346,112,2004-11-29,2004-12-05,2004-11-30,Shipped,75,0,163,85.99,8780.57,71800.00,63019.43,0
10347,114,2004-11-29,2004-12-07,2004-11-30,Shipped,77,0,418,103.39,25866.80,117300.00,91433.20,0
10348,458,2004-11-01,2004-11-08,2004-11-05,Shipped,3,0,305,102.18,18755.41,104600.00,85844.59,0
10349,151,2004-12-01,2004-12-07,2004-12-03,Shipped,4,0,372,108.36,22988.24,138500.00,115511.76,0
10350,141,2004-12-02,2004-12-08,2004-12-05,Shipped,3,0,554,83.11,29064.79,227600.00,198535.21,0
10351,324,2004-12-03,2004-12-11,2004-12-07,Shipped,4,0,156,86.97,7158.34,77000.00,69841.66,0
10352,198,2004-12-03,2004-12-12,2004-12-09,Shipped,3,0,143,67.81,6690.96,23000.00,16309.04,0
10353,447,2004-12-04,2004-12-11,2004-12-05,Shipped,6,0,346,76.15,17123.18,49700.00,32576.82,0
10354,323,2004-12-04,2004-12-10,2004-12-05,Shipped,5,0,384,98.92,22985.05,88000.00,65014.95,0
10355,141,2004-12-07,2004-12-14,2004-12-13,Shipped,1,0,338,79.67,15886.59,227600.00,211713.41,0
10356,250,2004-12-09,2004-12-15,2004-12-12,Shipped,3,0,301,88.40,16071.04,68100.00,52028.96,0
10357,124,2004-12-10,2004-12-16,2004-12-14,Shipped,2,0,391,106.04,25374.78,210500.00,185125.22,0
10358,141,2004-12-10,2004-12-16,2004-12-16,Shipped,0,0,484,92.71,27264.90,227600.00,200335.10,0
10359,353,2004-12-15,2004-12-23,2004-12-18,Shipped,5,0,290,103.66,19333.74,81100.00,61766.26,0
10360,496,2004-12-16,2004-12-22,2004-12-18,Shipped,4,0,620,84.70,33049.89,110000.00,76950.11,0
10361,282,2004-12-17,2004-12-24,2004-12-20,Shipped,4,0,429,75.21,18638.69,93300.00,74661.31,0
10362,161,2005-01-05,2005-01-16,2005-01-10,Shipped,6,0,117,114.57,7060.67,84600.00,77539.33,0
10363,334,2005-01-06,2005-01-12,2005-01-10,Shipped,2,0,508,90.16,29109.51,98800.00,69690.49,0
10364,350,2005-01-06,2005-01-17,2005-01-09,Shipped,8,0,48,38.22,1158.72,65000.00,63841.28,0
10365,320,2005-01-07,2005-01-18,2005-01-11,Shipped,7,0,96,89.02,5243.64,94500.00,89256.36,0
10366,381,2005-01-10,2005-01-19,2005-01-12,Shipped,7,0,117,125.45,8622.10,23500.00,14877.90,0
10367,205,2005-01-12,2005-01-21,2005-01-16,Resolved,5,0,469,82.52,21887.81,90700.00,68812.19,0
10368,124,2005-01-19,2005-01-27,2005-01-24,Shipped,3,0,183,80.28,8713.58,210500.00,201786.42,0
10369,379,2005-01-20,2005-01-28,2005-01-24,Shipped,4,0,293,93.35,17163.18,70700.00,53536.82,0
10370,276,2005-01-20,2005-02-01,2005-01-25,Shipped,76,0,256,99.79,17071.26,107800.00,90728.74,0
10371,124,2005-01-23,2005-02-03,2005-01-25,Shipped,78,0,382,93.03,20615.09,210500.00,189884.91,0
10372,398,2005-01-26,2005-02-05,2005-01-28,Shipped,77,0,321,104.56,22413.46,94400.00,71986.54,0
10373,311,2005-01-31,2005-02-08,2005-02-06,Shipped,2,0,605,77.67,27493.61,90500.00,63006.39,0
10374,333,2005-02-02,2005-02-09,2005-02-03,Shipped,6,0,209,102.96,12666.83,51600.00,38933.17,0
10375,119,2005-02-03,2005-02-10,2005-02-06,Shipped,4,0,560,86.61,29191.11,118200.00,89008.89,0
10376,219,2005-02-08,2005-02-18,2005-02-13,Shipped,5,0,35,98.65,2630.60,11000.00,8369.40,0
10377,186,2005-02-09,2005-02-21,2005-02-12,Shipped,9,0,215,105.60,14714.47,96500.00,81785.53,0
10378,141,2005-02-10,2005-02-18,2005-02-11,Shipped,7,0,377,84.71,18806.53,227600.00,208793.47,0
10379,141,2005-02-10,2005-02-18,2005-02-11,Shipped,7,0,159,100.76,8849.32,227600.00,218750.68,0
10380,141,2005-02-16,2005-02-24,2005-02-18,Shipped,6,0,438,79.55,20832.44,227600.00,206767.56,0
10381,321,2005-02-17,2005-02-25,2005-02-18,Shipped,7,0,317,102.56,19203.84,105000.00,85796.16,0
10382,124,2005-02-17,2005-02-23,2005-02-18,Shipped,5,0,451,109.69,28497.65,210500.00,182002.35,0
10383,141,2005-02-22,2005-03-02,2005-02-25,Shipped,77,0,416,88.87,22271.71,227600.00,205328.29,0
10384,321,2005-02-23,2005-03-06,2005-02-27,Shipped,79,0,154,96.55,9357.47,105000.00,95642.53,0
10385,124,2005-02-28,2005-03-09,2005-03-01,Shipped,8,0,62,70.42,2649.68,210500.00,207850.32,0
10386,141,2005-03-01,2005-03-09,2005-03-06,Resolved,3,0,650,75.11,29036.78,227600.00,198563.22,0
10387,148,2005-03-02,2005-03-09,2005-03-06,Shipped,3,0,44,79.91,2944.48,103800.00,100855.52,0
10388,462,2005-03-03,2005-03-11,2005-03-09,Shipped,2,0,315,95.89,17532.54,85800.00,68267.46,0
10389,448,2005-03-03,2005-03-09,2005-03-08,Shipped,1,0,316,93.44,16420.72,116400.00,99979.28,0
10390,124,2005-03-04,2005-03-11,2005-03-07,Shipped,4,0,603,92.46,33832.12,210500.00,176667.88,0
10391,276,2005-03-09,2005-03-20,2005-03-15,Shipped,5,0,339,91.12,18343.64,107800.00,89456.36,0
10392,452,2005-03-10,2005-03-18,2005-03-12,Shipped,6,0,102,87.70,5103.85,45300.00,40196.15,0
10393,323,2005-03-11,2005-03-22,2005-03-14,Shipped,8,0,355,97.08,21326.92,88000.00,66673.08,0
10394,141,2005-03-15,2005-03-25,2005-03-19,Shipped,6,0,239,79.44,11168.91,227600.00,216431.09,0
10395,250,2005-03-17,2005-03-24,2005-03-23,Shipped,1,0,156,121.81,10724.62,68100.00,57375.38,0
10396,124,2005-03-23,2005-04-02,2005-03-28,Shipped,74,0,287,97.30,17412.60,210500.00,193087.40,0
10397,242,2005-03-28,2005-04-09,2005-04-01,Shipped,8,0,172,70.34,7648.14,61100.00,53451.86,0
10398,353,2005-03-30,2005-04-09,2005-03-31,Shipped,78,0,629,75.28,28889.40,81100.00,52210.60,0
10399,496,2005-04-01,2005-04-12,2005-04-03,Shipped,9,0,319,98.42,17897.08,110000.00,92102.92,0
10400,450,2005-04-01,2005-04-11,2005-04-04,Shipped,7,0,356,82.35,19756.50,77600.00,57843.50,0
10402,406,2005-04-07,2005-04-14,2005-04-12,Shipped,2,0,159,79.60,6639.08,95000.00,88360.92,0
10403,201,2005-04-08,2005-04-18,2005-04-11,Shipped,7,0,371,88.14,21119.36,92700.00,71580.64,0
10404,323,2005-04-08,2005-04-14,2005-04-11,Shipped,3,0,447,96.48,25062.60,88000.00,62937.40,0
10405,209,2005-04-14,2005-04-24,2005-04-20,Shipped,4,0,336,100.01,21503.29,53800.00,32296.71,0
10408,398,2005-04-22,2005-04-29,2005-04-27,Shipped,2,0,15,41.03,326.25,94400.00,94073.75,0
10409,166,2005-04-23,2005-05-05,2005-04-24,Shipped,81,0,67,66.07,1727.65,97900.00,96172.35,0
10410,357,2005-04-29,2005-05-10,2005-04-30,Shipped,80,0,424,82.59,21857.14,77700.00,55842.86,0
10411,233,2005-05-01,2005-05-08,2005-05-06,Shipped,2,0,285,105.16,18351.12,48700.00,30348.88,0
10412,141,2005-05-03,2005-05-13,2005-05-05,Shipped,8,0,455,94.01,27090.32,227600.00,200509.68,0
10413,175,2005-05-05,2005-05-14,2005-05-09,Shipped,5,0,229,127.18,16515.27,84300.00,67784.73,0
10416,386,2005-05-10,2005-05-16,2005-05-14,Shipped,2,0,460,77.46,22862.59,121400.00,98537.41,0
10418,412,2005-05-16,2005-05-24,2005-05-20,Shipped,4,0,299,80.80,13798.24,86800.00,73001.76,0
10419,382,2005-05-17,2005-05-28,2005-05-19,Shipped,9,0,509,105.11,33536.26,71700.00,38163.74,0
